id,title,description,imageUrl,playUrl,authorId,createdAt,updatedAt,tagcategory,xaccount
"910bc6bc-9db9-46b9-a977-5030d5234dfb","3D Tetris","A 3D version of the classic Tetris game where you clear entire platforms","https://res.cloudinary.com/dxow1rafl/image/upload/v1741710508/grokade-screenshots/game_22_1741710508013_3D_Tetris_20250310_095449.png.png","https://3d-tetris-platforms.lovable.app/","a6c246ae-f84b-4c43-87b4-05db6b55afc3",2025-03-16T02:13:28.409Z,2025-03-16T02:13:28.409Z,,
"76a2528f-09ca-4e3a-a461-6a80259c2563","8 pool","AI pool game","https://res.cloudinary.com/dxow1rafl/image/upload/v1741710574/grokade-screenshots/game_83_1741710573858_8_pool_20250310_095545.png.png","https://mrdeex.github.io/8pool/","a6c246ae-f84b-4c43-87b4-05db6b55afc3",2025-03-16T02:13:28.712Z,2025-03-16T02:13:28.712Z,,
"b2d553a5-afea-4a29-900e-8d89dea6f1cf","AI Bomber Game","Inspired by bomberman, with 3D touches and twists","https://res.cloudinary.com/dxow1rafl/image/upload/v1741710528/grokade-screenshots/game_34_1741710527174_AI_Bomber_Game_20250310_095452.png.png","https://bomberman-bice.vercel.app/","a6c246ae-f84b-4c43-87b4-05db6b55afc3",2025-03-16T02:13:28.867Z,2025-03-16T02:13:28.867Z,,
"e8969dc6-0a7a-4fba-bae5-705573f90dc1","Artillery Defense","Defend your base by shooting down enemy paratroopers","https://res.cloudinary.com/dxow1rafl/image/upload/v1741710583/grokade-screenshots/game_92_1741710582480_Artillery_Defense_20250310_095602.png.png","https://www.craygen.com/artillery/","a6c246ae-f84b-4c43-87b4-05db6b55afc3",2025-03-16T02:13:29.020Z,2025-03-16T02:13:29.020Z,,
"72846b2f-e13c-4259-8f4f-29e52170d7a3","Asteroid Assault","Asteroid shooter arcade game","https://res.cloudinary.com/dxow1rafl/image/upload/v1741710561/grokade-screenshots/game_74_1741710560521_Asteroid_Assault_20250310_095529.png.png","https://asteroid-ep9.pages.dev/","a6c246ae-f84b-4c43-87b4-05db6b55afc3",2025-03-16T02:13:29.180Z,2025-03-16T02:13:29.180Z,,
"6adfecdc-f1d5-4176-babf-4c49c9ecfd07","Breaking Balls","Break balls and feel calm","https://res.cloudinary.com/dxow1rafl/image/upload/v1741710562/grokade-screenshots/game_75_1741710561602_Breaking_Balls_20250310_095531.png.png","https://makereal.tldraw.link/-wMNzXuU7igniDJ6oyhKW","a6c246ae-f84b-4c43-87b4-05db6b55afc3",2025-03-16T02:13:29.369Z,2025-03-16T02:13:29.369Z,,
"bcf9442a-443a-47e3-8f61-beb036e91ccd","Bubble Basher","Fast paced, pick up and play, multiplayer bubble bashing","https://res.cloudinary.com/dxow1rafl/image/upload/v1741710547/grokade-screenshots/game_63_1741710546759_Bubble_Basher_20250310_095509.png.png","https://bubblebasher.com","a6c246ae-f84b-4c43-87b4-05db6b55afc3",2025-03-16T02:13:29.525Z,2025-03-16T02:13:29.525Z,,
"2289d18a-ca12-4e8d-bf8f-8a090e63e21e","Builder","Calm, Minecraft like builder game","https://res.cloudinary.com/dxow1rafl/image/upload/v1741710584/grokade-screenshots/game_84_1741710583691_Builder_20250310_095547.png.png","https://www.regame.io","a6c246ae-f84b-4c43-87b4-05db6b55afc3",2025-03-16T02:13:29.679Z,2025-03-16T02:13:29.679Z,,
"a0a278a6-ca57-4a71-afa0-5a774f933ce8","Car vs Monsters","Drive through the city while avoiding or confronting monsters. Collect power-ups to survive longer and defeat enemies!","https://res.cloudinary.com/dxow1rafl/image/upload/v1741710556/grokade-screenshots/game_71_1741710556217_Car_vs_Monsters_20250310_095523.png.png","https://3d-racer.netlify.app/","a6c246ae-f84b-4c43-87b4-05db6b55afc3",2025-03-16T02:13:29.832Z,2025-03-16T02:13:29.832Z,,
"bc6e283c-28b6-46c3-bad1-83834733af5d","Cops and Robbers","Either be Robber who has to steal money or play as a cop who catches robbers. More like GTA and NFS.","https://res.cloudinary.com/dxow1rafl/image/upload/v1741710477/grokade-screenshots/game_5_1741710476883_Cops_and_Robbers_20250310_095323.png.png","https://cnr.khatarnakishan.com/","a6c246ae-f84b-4c43-87b4-05db6b55afc3",2025-03-16T02:13:29.985Z,2025-03-16T02:13:29.985Z,,
"e0d5bb0b-f1ab-46a6-a720-50c51ca4d1d7","Cybertrucksim","A driving game where you and your buddies can cruise in a Cybertruck!","https://res.cloudinary.com/dxow1rafl/image/upload/v1741710517/grokade-screenshots/game_40_1741710516827_Cybertrucksim_20250310_095504.png.png","https://cybertrucksim.com/","a6c246ae-f84b-4c43-87b4-05db6b55afc3",2025-03-16T02:13:30.150Z,2025-03-16T02:13:30.150Z,,
"cc4c1e10-ce79-4157-9138-7f59e14ef6fc","Dogfight Arena","Pilot WW2 planes in the most exciting and realistic dogfights!","https://res.cloudinary.com/dxow1rafl/image/upload/v1741710493/grokade-screenshots/game_4_1741710492449_Dogfight_Arena_20250310_095322.png.png","https://fly.zullo.fun/","a6c246ae-f84b-4c43-87b4-05db6b55afc3",2025-03-16T02:13:30.327Z,2025-03-16T02:13:30.327Z,,
"d0584ba8-834f-4db1-815c-23e0520a7aaa","Duke Nukem 3D 2025","A 3D shoot game built using Grok and Claude","https://res.cloudinary.com/dxow1rafl/image/upload/v1741710495/grokade-screenshots/game_18_1741710494764_Duke_Nukem_3D_2025_20250310_095329.png.png","https://duke.jobboardsearch.com/","a6c246ae-f84b-4c43-87b4-05db6b55afc3",2025-03-16T02:13:30.487Z,2025-03-16T02:13:30.487Z,,
"81bd3b78-6a27-45d3-9ac1-fcc7a4ba44bd","Dune Wanderer","Wander the dessert in search of wells","https://res.cloudinary.com/dxow1rafl/image/upload/v1741710514/grokade-screenshots/game_38_1741710514466_Dune_Wanderer_20250310_095500.png.png","https://dunewanderer.com/","a6c246ae-f84b-4c43-87b4-05db6b55afc3",2025-03-16T02:13:30.640Z,2025-03-16T02:13:30.640Z,,
"05f2131f-38d6-483a-b6cf-91c5057f39d4","Dyson Defender","Defend the Dyson sphere from waves of alien invaders!","https://res.cloudinary.com/dxow1rafl/image/upload/v1741710511/grokade-screenshots/game_35_1741710510294_Dyson_Defender_20250310_095454.png.png","https://dyson-defender.vercel.app/","a6c246ae-f84b-4c43-87b4-05db6b55afc3",2025-03-16T02:13:30.805Z,2025-03-16T02:13:30.805Z,,
"7a531892-7f90-4952-8257-d0450b9f1acc","Earth Simulation","Full earth simulation with climate, tectonic activity, evolution and civilization to factions, then burn it down with disaster scenarios. also includes earth te...","https://res.cloudinary.com/dxow1rafl/image/upload/v1741710586/grokade-screenshots/game_82_1741710584962_Earth_Simulation_20250310_095542.png.png","https://o3-experiments-nextjs.fly.dev/earth","a6c246ae-f84b-4c43-87b4-05db6b55afc3",2025-03-16T02:13:30.953Z,2025-03-16T02:13:30.953Z,,
"3e3916d4-83c0-4a55-84cf-0f7c7329169e","Elemental Combatant","Elemental CombaTanks is a battlefield brawler where you command a tank powered by the elements—fire, water, earth, and air. And more Mode are added.","https://res.cloudinary.com/dxow1rafl/image/upload/v1741710588/grokade-screenshots/game_86_1741710587479_Elemental_Combatant_20250310_095551.png.png","https://asalt.vercel.app","a6c246ae-f84b-4c43-87b4-05db6b55afc3",2025-03-16T02:13:31.128Z,2025-03-16T02:13:31.128Z,,
"9c903c4e-e835-40a4-b503-c721c80c980a","Emoji Sim","A village of emojis at your command. Create your own villages and even build out your game rules. Learn from others and lead your villagers","https://res.cloudinary.com/dxow1rafl/image/upload/v1741710497/grokade-screenshots/game_21_1741710497366_Emoji_Sim_20250310_095448.png.png","https://emojisim.com/","a6c246ae-f84b-4c43-87b4-05db6b55afc3",2025-03-16T02:13:31.306Z,2025-03-16T02:13:31.306Z,,
"399be4d5-ae8a-403b-a42f-03467526d420","Flappi Bird","A ThreeJS based Flappi Bird game built completely using Grok3, Claude 3.5, and Cursor.  Along with other AI tools for models, music, graphics, etc","https://res.cloudinary.com/dxow1rafl/image/upload/v1741710554/grokade-screenshots/game_69_1741710553025_Flappi_Bird_20250310_095519.png.png","https://flappi-bird.vercel.app/","a6c246ae-f84b-4c43-87b4-05db6b55afc3",2025-03-16T02:13:31.472Z,2025-03-16T02:13:31.472Z,,
"a20836a5-f60a-4e1e-8852-da9f2325101a","Flee Battle","No description available","https://res.cloudinary.com/dxow1rafl/image/upload/v1741710512/grokade-screenshots/game_36_1741710511701_Flee_Battle_20250310_095456.png.png","https://languagedungeon.com/","a6c246ae-f84b-4c43-87b4-05db6b55afc3",2025-03-16T02:13:31.632Z,2025-03-16T02:13:31.632Z,,
"cab0a67a-4967-4c77-901d-12970681ec85","Flight Simulator","Flight simulator with great visuals","https://res.cloudinary.com/dxow1rafl/image/upload/v1741710580/grokade-screenshots/game_90_1741710579391_Flight_Simulator_20250310_095558.png.png","https://flyhi.netlify.app/","a6c246ae-f84b-4c43-87b4-05db6b55afc3",2025-03-16T02:13:31.786Z,2025-03-16T02:13:31.786Z,,
"44574953-604c-483e-a60a-b00c0ea3a7ef","fly.pieter","Racing game with AI-controlled opponents.","https://res.cloudinary.com/dxow1rafl/image/upload/v1741710520/grokade-screenshots/game_42_1741710520017_Flight_Simulator_2025_20250310_095508.png.png","https://fly.pieter.com/","a6c246ae-f84b-4c43-87b4-05db6b55afc3",2025-03-16T02:13:31.948Z,2025-03-16T02:13:31.948Z,,
"b3906024-0747-413f-aa55-be559913f0cc","Forest Escape","Escape from spirits in a haunted forest before they catch you!","https://res.cloudinary.com/dxow1rafl/image/upload/v1741710519/grokade-screenshots/game_41_1741710518205_Forest_Escape_20250310_095505.png.png","https://www.escape.alexandre-grisey.fr/","a6c246ae-f84b-4c43-87b4-05db6b55afc3",2025-03-16T02:13:32.115Z,2025-03-16T02:13:32.115Z,,
"1fcc9f72-bcdc-4177-9c51-befdc82fd0b0","Gladiator Arena","three.js gladiator arena with your own gladiator and several weapons to choose from. Will receive regular updates so check out often to see what's new.","https://res.cloudinary.com/dxow1rafl/image/upload/v1741710513/grokade-screenshots/game_37_1741710512879_Gladiator_Arena_20250310_095458.png.png","https://3js-arena-v5-long-fog-3116.fly.dev/","a6c246ae-f84b-4c43-87b4-05db6b55afc3",2025-03-16T02:13:32.270Z,2025-03-16T02:13:32.270Z,,
"ce64f9ac-f37a-4ae3-8d4c-83f2a9b7b0a5","Grid Golf","No description available","https://res.cloudinary.com/dxow1rafl/image/upload/v1741710479/grokade-screenshots/game_6_1741710478575_Grid_Golf_20250310_095326.png.png","https://gridgolf.netlify.app/","a6c246ae-f84b-4c43-87b4-05db6b55afc3",2025-03-16T02:13:32.423Z,2025-03-16T02:13:32.423Z,,
"66e8fe28-9880-4ee0-a904-7e31d5ad238b","Hot Air Balloon Adventure","A visually stunning, multiplayer hot air balloon game set over the Alps.","https://res.cloudinary.com/dxow1rafl/image/upload/v1741710555/grokade-screenshots/game_70_1741710554881_Hot_Air_Balloon_Adventure_20250310_095521.png.png","https://www.hotairvibe.com/","a6c246ae-f84b-4c43-87b4-05db6b55afc3",2025-03-16T02:13:32.578Z,2025-03-16T02:13:32.578Z,,
"ea7ea545-cc93-417a-8938-0976d1398cd1","Island Adventure","Survival island sim game","https://res.cloudinary.com/dxow1rafl/image/upload/v1741710578/grokade-screenshots/game_81_1741710578262_Island_Adventure_20250310_095541.png.png","https://ja.sperdeboer.nl/island/","a6c246ae-f84b-4c43-87b4-05db6b55afc3",2025-03-16T02:13:32.732Z,2025-03-16T02:13:32.732Z,,
"17f12419-038f-4f30-afee-f745b03f2ee1","Macro Data Refinement","A web application that simulates the macro data refinement work from the TV show Severance","https://res.cloudinary.com/dxow1rafl/image/upload/v1741710549/grokade-screenshots/game_65_1741710549171_Macro_Data_Refinement_20250310_095513.png.png","https://macro-data-refinement-five.vercel.app/","a6c246ae-f84b-4c43-87b4-05db6b55afc3",2025-03-16T02:13:32.885Z,2025-03-16T02:13:32.885Z,,
"3a81cbe8-a11f-43cc-919b-bcd5314c6283","Mars Landing Simulator","Prepare for the ultimate Mars landing experience!","https://res.cloudinary.com/dxow1rafl/image/upload/v1741710570/grokade-screenshots/game_85_1741710569680_Mars_Landing_Simulator_20250310_095549.png.png","https://marslanding.vercel.app/","a6c246ae-f84b-4c43-87b4-05db6b55afc3",2025-03-16T02:13:33.039Z,2025-03-16T02:13:33.039Z,,
"c654d714-e02a-48f8-aaed-93db25cd9d15","Mechazilla!","Land the booster into the arms of Mechazilla!","https://res.cloudinary.com/dxow1rafl/image/upload/v1741710575/grokade-screenshots/game_1_1741710574986_thumbnail_1741629091698_750772407.png.png","https://land-the-booster.s13k.dev/v2.html","a6c246ae-f84b-4c43-87b4-05db6b55afc3",2025-03-16T02:13:33.212Z,2025-03-16T02:13:33.212Z,,
"75d16c0b-6af6-482b-8333-44247339f9e8","Moonlanders","Fly anywhere in the world from your Browser, sim test built with AI assistance",,"https://m.moonlanders.net/","a6c246ae-f84b-4c43-87b4-05db6b55afc3",2025-03-16T02:13:33.450Z,2025-03-16T02:13:33.450Z,,
"1bfee028-86f6-4e9d-8113-4a7aa03cb26c","Ophidian","A short game that is basically Snake.","https://res.cloudinary.com/dxow1rafl/image/upload/v1741710559/grokade-screenshots/game_73_1741710558609_Ophidian_20250310_095527.png.png","https://ophidian-offekt.vercel.app/","a6c246ae-f84b-4c43-87b4-05db6b55afc3",2025-03-16T02:13:33.604Z,2025-03-16T02:13:33.604Z,,
"054009be-8fa3-4bdb-a853-57f5c355583f","PingPongAI","Ping Pong game","https://res.cloudinary.com/dxow1rafl/image/upload/v1741710569/grokade-screenshots/game_66_1741710568864_PingPongAI_20250310_095514.png.png","https://pingpongai.vercel.app/","a6c246ae-f84b-4c43-87b4-05db6b55afc3",2025-03-16T02:13:33.759Z,2025-03-16T02:13:33.759Z,,
"f23aee95-0869-446b-a011-500bae7825fe","PokeBattle Arena","PokeBattle Arena is a lightweight, turn-based battler where you pick a Pokémon from a random lineup and square off against a surprise opponent. Built using Rep...","https://res.cloudinary.com/dxow1rafl/image/upload/v1741710509/grokade-screenshots/game_33_1741710508920_PokeBattle_Arena_20250310_095450.png.png","https://poke-battle-arena.replit.app/","a6c246ae-f84b-4c43-87b4-05db6b55afc3",2025-03-16T02:13:33.914Z,2025-03-16T02:13:33.914Z,,
"3261f604-1dbb-4601-ab41-bae2ff73d493","Pong Arcade","Challenge the AI or play against a friend in this modern recreation of Pong.","https://res.cloudinary.com/dxow1rafl/image/upload/v1741710558/grokade-screenshots/game_72_1741710557505_Pong_Arcade_20250310_095525.png.png","https://www.pongarcade.com/","a6c246ae-f84b-4c43-87b4-05db6b55afc3",2025-03-16T02:13:34.071Z,2025-03-16T02:13:34.071Z,,
"e8ce7b36-8415-4bc5-9ef2-cb1f8e3e43c4","Pork Droid","Retro like asteroids game with a modern twist","https://res.cloudinary.com/dxow1rafl/image/upload/v1741710581/grokade-screenshots/game_87_1741710581128_Pork_Droid_20250310_095553.png.png","https://PorkDroid.com","a6c246ae-f84b-4c43-87b4-05db6b55afc3",2025-03-16T02:13:34.270Z,2025-03-16T02:13:34.270Z,,
"76e3049e-9283-47fc-9e06-51f1225a0940","Push the Box","In this reimagined Sokoban game, you embark on a journey of logic and space. As you gently guide the character to push the boxes towards their destinations, you...","https://res.cloudinary.com/dxow1rafl/image/upload/v1741710566/grokade-screenshots/game_78_1741710565658_Push_the_Box_20250310_095536.png.png","https://boxgame2000.netlify.app/","a6c246ae-f84b-4c43-87b4-05db6b55afc3",2025-03-16T02:13:34.442Z,2025-03-16T02:13:34.442Z,,
"d675ee59-bc51-4acb-a74a-2a51dca64cbe","Santa's Letter Quest","A fun browser game where Santa throws snowballs at ghosts to collect letters and win.","https://res.cloudinary.com/dxow1rafl/image/upload/v1741710568/grokade-screenshots/game_80_1741710567833_Santa_s_Letter_Quest_20250310_095539.png.png","https://www.santasletterquest.com/","a6c246ae-f84b-4c43-87b4-05db6b55afc3",2025-03-16T02:13:34.607Z,2025-03-16T02:13:34.607Z,,
"cb376b55-9b12-4696-953b-a243b3371ca7","Snake Trae","Play classic snake","https://res.cloudinary.com/dxow1rafl/image/upload/v1741710571/grokade-screenshots/game_88_1741710570833_Snake_Trae_20250310_095555.png.png","https://trae.com/","a6c246ae-f84b-4c43-87b4-05db6b55afc3",2025-03-16T02:13:34.759Z,2025-03-16T02:13:34.759Z,,
"7c071f0c-bbb3-4821-bbc0-4d1ece81e8eb","Society Fail","Can you survive the apocalypse? Society Fail is a post-apocalyptic incremental game where you must scavenge for resources, fight off mutants, and navigate a wor...","https://res.cloudinary.com/dxow1rafl/image/upload/v1741710496/grokade-screenshots/game_20_1741710495931_Society_Fail_20250310_095445.png.png","https://society.fail/","a6c246ae-f84b-4c43-87b4-05db6b55afc3",2025-03-16T02:13:34.912Z,2025-03-16T02:13:34.912Z,,
"f68e6594-fe6b-4779-8483-99c510580c6b","Space Combat","Fight In Space","https://res.cloudinary.com/dxow1rafl/image/upload/v1741710577/grokade-screenshots/game_91_1741710577243_Space_Combat_20250310_095600.png.png","https://spacefightergame.com/","a6c246ae-f84b-4c43-87b4-05db6b55afc3",2025-03-16T02:13:35.081Z,2025-03-16T02:13:35.081Z,,
"54a61507-5391-48cf-8f51-cf334b5b9452","Space Defenders","One shot a Space Invaders game like built with Sonnet 3.7","https://res.cloudinary.com/dxow1rafl/image/upload/v1741710550/grokade-screenshots/game_67_1741710550378_Space_Defenders_20250310_095516.png.png","https://jasonleow.com/space-defenders/","a6c246ae-f84b-4c43-87b4-05db6b55afc3",2025-03-16T02:13:35.280Z,2025-03-16T02:13:35.280Z,,
"8252f4ef-86b2-42a7-b3f7-eb2016ca28bc","Space Force: Drain The Swamp","Take to the stars as Donald Trump or Elon Musk in Space Force: Drain The Swamp, a thrilling Galaxian-inspired space shooter where patriotism meets intergalactic...","https://res.cloudinary.com/dxow1rafl/image/upload/v1741710572/grokade-screenshots/game_89_1741710571671_Space_Force__Drain_The_Swamp_20250310_095556.jpg.jpg","https://hcbgreatwall.itch.io/space-force-drain-the-swamp","a6c246ae-f84b-4c43-87b4-05db6b55afc3",2025-03-16T02:13:35.468Z,2025-03-16T02:13:35.468Z,,
"4886e260-c7c0-42ad-a71c-91964baec782","Suika Game","Fuit-merging game akin to tetris or puyo-puyo. built with cursor/claude","https://res.cloudinary.com/dxow1rafl/image/upload/v1741710552/grokade-screenshots/game_68_1741710551231_Suika_Game_20250310_095517.png.png","https://suika.live/","a6c246ae-f84b-4c43-87b4-05db6b55afc3",2025-03-16T02:13:35.623Z,2025-03-16T02:13:35.623Z,,
"951da0a8-643b-46aa-b9f0-47dcd716e92d","Super Jumper","Jump , Take Boost, Play and get to Finish Line","https://res.cloudinary.com/dxow1rafl/image/upload/v1741710589/grokade-screenshots/game_7_1741710589527_Super_Jumper_20250310_095327.png.png","https://super-jumper-game.web.app/","a6c246ae-f84b-4c43-87b4-05db6b55afc3",2025-03-16T02:13:35.780Z,2025-03-16T02:13:35.780Z,,
"92aebeb5-a3a4-466e-b651-67a0e2aec2ea","Tanks AI","Experience the thrill of tank battles in this exciting game!","https://res.cloudinary.com/dxow1rafl/image/upload/v1741710548/grokade-screenshots/game_64_1741710547647_Tanks_AI_20250310_095511.png.png","https://tanksai.com/","a6c246ae-f84b-4c43-87b4-05db6b55afc3",2025-03-16T02:13:35.934Z,2025-03-16T02:13:35.934Z,,
"cbb7629a-dfa8-48e5-a71c-a9945d7b3151","TideFall","Build alliances, claim vast lands, and hunt for loot in dangerous realms.","https://res.cloudinary.com/dxow1rafl/image/upload/v1741710516/grokade-screenshots/game_39_1741710515420_TideFall_20250310_095502.png.png","https://tidefall.io","a6c246ae-f84b-4c43-87b4-05db6b55afc3",2025-03-16T02:13:36.117Z,2025-03-16T02:13:36.117Z,,
"106d815d-e813-4cd8-b32e-c22ff7fbb74d","Type Battles","Sharpen your typing skills, build up combos for a higher score, earn trophies and conquer all 10 levels to face the final boss...","https://res.cloudinary.com/dxow1rafl/image/upload/v1741710564/grokade-screenshots/game_77_1741710564107_Type_Battles_20250310_095534.png.png","https://www.typebattles.com/","a6c246ae-f84b-4c43-87b4-05db6b55afc3",2025-03-16T02:13:36.349Z,2025-03-16T02:13:36.349Z,,
"b492c7d1-f9c5-4b3b-a49b-eae4fe82bc83","Vibe Karting","Karting racing game","https://res.cloudinary.com/dxow1rafl/image/upload/v1741710476/grokade-screenshots/game_3_1741710475505_Vibe_Karting_20250310_095320.png.png","https://vibekarting.com/","a6c246ae-f84b-4c43-87b4-05db6b55afc3",2025-03-16T02:13:36.504Z,2025-03-16T02:13:36.504Z,,
"402e7547-3f9f-4f9e-aa93-0ed18f9ea4e6","Vibe Sail","Sail the world","https://res.cloudinary.com/dxow1rafl/image/upload/v1741710563/grokade-screenshots/game_76_1741710562724_Vibe_Sail_20250310_095532.png.png","https://vibesail.com/","a6c246ae-f84b-4c43-87b4-05db6b55afc3",2025-03-16T02:13:36.657Z,2025-03-16T02:13:36.657Z,,
"537b34ba-99e5-4303-9c9c-33e8868d0959","Word God","From Void to Universe. Eginning with primordial concepts, evolve a unique glorious universe through your ability to combine words.","https://res.cloudinary.com/dxow1rafl/image/upload/v1741710567/grokade-screenshots/game_79_1741710566582_Word_God_20250310_095537.png.png","https://www.experimentswithai.com/word-god-mindfulness-game.html","a6c246ae-f84b-4c43-87b4-05db6b55afc3",2025-03-16T02:13:36.810Z,2025-03-16T07:42:08.551Z,,